COD_PROV,COD_MUN,COD_DM,MUNICIPIO,NOMBRE,DISTRITO,TIPO,AREA_KM2
09,0901,090101,Moca,Moca,MOCA,Cabecera municipal,74.99
09,0901,090102,Moca,José Contreras,JOSÉ CONTRERAS,Distrito municipal,67.81
09,0901,090103,Moca,San Víctor,SAN VÍCTOR,Distrito municipal,87.79
09,0901,090104,Moca,Juan López,JUAN LÓPEZ,Distrito municipal,21.65
09,0901,090105,Moca,Las Lagunas,LAS LAGUNAS,Distrito municipal,41.83
09,0901,090106,Moca,Canca La Reyna,CANCA LA REYNA,Distrito municipal,14.94
09,0901,090107,Moca,El Higüerito,EL HIGÜERITO,Distrito municipal,15.22
09,0901,090108,Moca,Monte de La Jagua,MONTE DE LA JAGUA,Distrito municipal,12.4
09,0901,090109,Moca,La Ortega,LA ORTEGA,Distrito municipal,3.33
09,0902,090201,Cayetano Germosén,Cayetano Germosén,CAYETANO GERMOSÉN,Cabecera municipal,17.94
09,0903,090301,Gaspar Hernández,Gaspar Hernández,GASPAR HERNÁNDEZ,Cabecera municipal,150.41
09,0903,090302,Gaspar Hernández,Joba Arriba,JOBA ARRIBA,Distrito municipal,67.92
09,0903,090303,Gaspar Hernández,Veragua,VERAGUA,Distrito municipal,64.56
09,0903,090304,Gaspar Hernández,Villa Magante,VILLA MAGANTE,Distrito municipal,87.62
09,0904,090401,Jamao al Norte,Jamao al Norte,JAMAO AL NORTE,Cabecera municipal,114.03
